{"name":"servicex","classpathEntries":[{"kind":"binary","path":"C:\\Program Files\\Java\\jdk1.8.0_101\\jre\\lib\\resources.jar","javadocContainerUrl":"https://docs.oracle.com/javase/1/docs/api/","isSystem":true,"isOwn":false,"isTest":false,"isJavaContent":false},{"kind":"binary","path":"C:\\Program Files\\Java\\jdk1.8.0_101\\jre\\lib\\rt.jar","javadocContainerUrl":"https://docs.oracle.com/javase/1/docs/api/","isSystem":true,"isOwn":false,"isTest":false,"isJavaContent":false},{"kind":"binary","path":"C:\\Program Files\\Java\\jdk1.8.0_101\\jre\\lib\\jsse.jar","javadocContainerUrl":"https://docs.oracle.com/javase/1/docs/api/","isSystem":true,"isOwn":false,"isTest":false,"isJavaContent":false},{"kind":"binary","path":"C:\\Program Files\\Java\\jdk1.8.0_101\\jre\\lib\\jce.jar","javadocContainerUrl":"https://docs.oracle.com/javase/1/docs/api/","isSystem":true,"isOwn":false,"isTest":false,"isJavaContent":false},{"kind":"binary","path":"C:\\Program Files\\Java\\jdk1.8.0_101\\jre\\lib\\charsets.jar","javadocContainerUrl":"https://docs.oracle.com/javase/1/docs/api/","isSystem":true,"isOwn":false,"isTest":false,"isJavaContent":false},{"kind":"binary","path":"C:\\Program Files\\Java\\jdk1.8.0_101\\jre\\lib\\jfr.jar","javadocContainerUrl":"https://docs.oracle.com/javase/1/docs/api/","isSystem":true,"isOwn":false,"isTest":false,"isJavaContent":false},{"kind":"binary","path":"C:\\Users\\user\\.m2\\repository\\org\\springframework\\boot\\spring-boot-starter-web\\2.5.5\\spring-boot-starter-web-2.5.5.jar","sourceContainerUrl":"file:/C:/Users/user/.m2/repository/org/springframework/boot/spring-boot-starter-web/2.5.5/spring-boot-starter-web-2.5.5-sources.jar","javadocContainerUrl":"file:/C:/Users/user/.m2/repository/org/springframework/boot/spring-boot-starter-web/2.5.5/spring-boot-starter-web-2.5.5-javadoc.jar","isSystem":false,"isOwn":false,"isTest":false,"isJavaContent":false},{"kind":"binary","path":"C:\\Users\\user\\.m2\\repository\\org\\springframework\\boot\\spring-boot-starter\\2.5.5\\spring-boot-starter-2.5.5.jar","sourceContainerUrl":"file:/C:/Users/user/.m2/repository/org/springframework/boot/spring-boot-starter/2.5.5/spring-boot-starter-2.5.5-sources.jar","javadocContainerUrl":"file:/C:/Users/user/.m2/repository/org/springframework/boot/spring-boot-starter/2.5.5/spring-boot-starter-2.5.5-javadoc.jar","isSystem":false,"isOwn":false,"isTest":false,"isJavaContent":false},{"kind":"binary","path":"C:\\Users\\user\\.m2\\repository\\org\\springframework\\boot\\spring-boot-starter-logging\\2.5.5\\spring-boot-starter-logging-2.5.5.jar","sourceContainerUrl":"file:/C:/Users/user/.m2/repository/org/springframework/boot/spring-boot-starter-logging/2.5.5/spring-boot-starter-logging-2.5.5-sources.jar","javadocContainerUrl":"file:/C:/Users/user/.m2/repository/org/springframework/boot/spring-boot-starter-logging/2.5.5/spring-boot-starter-logging-2.5.5-javadoc.jar","isSystem":false,"isOwn":false,"isTest":false,"isJavaContent":false},{"kind":"binary","path":"C:\\Users\\user\\.m2\\repository\\ch\\qos\\logback\\logback-classic\\1.2.6\\logback-classic-1.2.6.jar","sourceContainerUrl":"file:/C:/Users/user/.m2/repository/ch/qos/logback/logback-classic/1.2.6/logback-classic-1.2.6-sources.jar","javadocContainerUrl":"file:/C:/Users/user/.m2/repository/ch/qos/logback/logback-classic/1.2.6/logback-classic-1.2.6-javadoc.jar","isSystem":false,"isOwn":false,"isTest":false,"isJavaContent":false},{"kind":"binary","path":"C:\\Users\\user\\.m2\\repository\\ch\\qos\\logback\\logback-core\\1.2.6\\logback-core-1.2.6.jar","sourceContainerUrl":"file:/C:/Users/user/.m2/repository/ch/qos/logback/logback-core/1.2.6/logback-core-1.2.6-sources.jar","javadocContainerUrl":"file:/C:/Users/user/.m2/repository/ch/qos/logback/logback-core/1.2.6/logback-core-1.2.6-javadoc.jar","isSystem":false,"isOwn":false,"isTest":false,"isJavaContent":false},{"kind":"binary","path":"C:\\Users\\user\\.m2\\repository\\org\\apache\\logging\\log4j\\log4j-to-slf4j\\2.14.1\\log4j-to-slf4j-2.14.1.jar","sourceContainerUrl":"file:/C:/Users/user/.m2/repository/org/apache/logging/log4j/log4j-to-slf4j/2.14.1/log4j-to-slf4j-2.14.1-sources.jar","javadocContainerUrl":"file:/C:/Users/user/.m2/repository/org/apache/logging/log4j/log4j-to-slf4j/2.14.1/log4j-to-slf4j-2.14.1-javadoc.jar","isSystem":false,"isOwn":false,"isTest":false,"isJavaContent":false},{"kind":"binary","path":"C:\\Users\\user\\.m2\\repository\\org\\apache\\logging\\log4j\\log4j-api\\2.14.1\\log4j-api-2.14.1.jar","sourceContainerUrl":"file:/C:/Users/user/.m2/repository/org/apache/logging/log4j/log4j-api/2.14.1/log4j-api-2.14.1-sources.jar","javadocContainerUrl":"file:/C:/Users/user/.m2/repository/org/apache/logging/log4j/log4j-api/2.14.1/log4j-api-2.14.1-javadoc.jar","isSystem":false,"isOwn":false,"isTest":false,"isJavaContent":false},{"kind":"binary","path":"C:\\Users\\user\\.m2\\repository\\org\\slf4j\\jul-to-slf4j\\1.7.32\\jul-to-slf4j-1.7.32.jar","sourceContainerUrl":"file:/C:/Users/user/.m2/repository/org/slf4j/jul-to-slf4j/1.7.32/jul-to-slf4j-1.7.32-sources.jar","javadocContainerUrl":"file:/C:/Users/user/.m2/repository/org/slf4j/jul-to-slf4j/1.7.32/jul-to-slf4j-1.7.32-javadoc.jar","isSystem":false,"isOwn":false,"isTest":false,"isJavaContent":false},{"kind":"binary","path":"C:\\Users\\user\\.m2\\repository\\jakarta\\annotation\\jakarta.annotation-api\\1.3.5\\jakarta.annotation-api-1.3.5.jar","sourceContainerUrl":"file:/C:/Users/user/.m2/repository/jakarta/annotation/jakarta.annotation-api/1.3.5/jakarta.annotation-api-1.3.5-sources.jar","javadocContainerUrl":"file:/C:/Users/user/.m2/repository/jakarta/annotation/jakarta.annotation-api/1.3.5/jakarta.annotation-api-1.3.5-javadoc.jar","isSystem":false,"isOwn":false,"isTest":false,"isJavaContent":false},{"kind":"binary","path":"C:\\Users\\user\\.m2\\repository\\org\\yaml\\snakeyaml\\1.28\\snakeyaml-1.28.jar","sourceContainerUrl":"file:/C:/Users/user/.m2/repository/org/yaml/snakeyaml/1.28/snakeyaml-1.28-sources.jar","javadocContainerUrl":"file:/C:/Users/user/.m2/repository/org/yaml/snakeyaml/1.28/snakeyaml-1.28-javadoc.jar","isSystem":false,"isOwn":false,"isTest":false,"isJavaContent":false},{"kind":"binary","path":"C:\\Users\\user\\.m2\\repository\\org\\springframework\\boot\\spring-boot-starter-json\\2.5.5\\spring-boot-starter-json-2.5.5.jar","sourceContainerUrl":"file:/C:/Users/user/.m2/repository/org/springframework/boot/spring-boot-starter-json/2.5.5/spring-boot-starter-json-2.5.5-sources.jar","javadocContainerUrl":"file:/C:/Users/user/.m2/repository/org/springframework/boot/spring-boot-starter-json/2.5.5/spring-boot-starter-json-2.5.5-javadoc.jar","isSystem":false,"isOwn":false,"isTest":false,"isJavaContent":false},{"kind":"binary","path":"C:\\Users\\user\\.m2\\repository\\com\\fasterxml\\jackson\\core\\jackson-databind\\2.12.5\\jackson-databind-2.12.5.jar","sourceContainerUrl":"file:/C:/Users/user/.m2/repository/com/fasterxml/jackson/core/jackson-databind/2.12.5/jackson-databind-2.12.5-sources.jar","javadocContainerUrl":"file:/C:/Users/user/.m2/repository/com/fasterxml/jackson/core/jackson-databind/2.12.5/jackson-databind-2.12.5-javadoc.jar","isSystem":false,"isOwn":false,"isTest":false,"isJavaContent":false},{"kind":"binary","path":"C:\\Users\\user\\.m2\\repository\\com\\fasterxml\\jackson\\core\\jackson-annotations\\2.12.5\\jackson-annotations-2.12.5.jar","sourceContainerUrl":"file:/C:/Users/user/.m2/repository/com/fasterxml/jackson/core/jackson-annotations/2.12.5/jackson-annotations-2.12.5-sources.jar","javadocContainerUrl":"file:/C:/Users/user/.m2/repository/com/fasterxml/jackson/core/jackson-annotations/2.12.5/jackson-annotations-2.12.5-javadoc.jar","isSystem":false,"isOwn":false,"isTest":false,"isJavaContent":false},{"kind":"binary","path":"C:\\Users\\user\\.m2\\repository\\com\\fasterxml\\jackson\\core\\jackson-core\\2.12.5\\jackson-core-2.12.5.jar","sourceContainerUrl":"file:/C:/Users/user/.m2/repository/com/fasterxml/jackson/core/jackson-core/2.12.5/jackson-core-2.12.5-sources.jar","javadocContainerUrl":"file:/C:/Users/user/.m2/repository/com/fasterxml/jackson/core/jackson-core/2.12.5/jackson-core-2.12.5-javadoc.jar","isSystem":false,"isOwn":false,"isTest":false,"isJavaContent":false},{"kind":"binary","path":"C:\\Users\\user\\.m2\\repository\\com\\fasterxml\\jackson\\datatype\\jackson-datatype-jdk8\\2.12.5\\jackson-datatype-jdk8-2.12.5.jar","sourceContainerUrl":"file:/C:/Users/user/.m2/repository/com/fasterxml/jackson/datatype/jackson-datatype-jdk8/2.12.5/jackson-datatype-jdk8-2.12.5-sources.jar","javadocContainerUrl":"file:/C:/Users/user/.m2/repository/com/fasterxml/jackson/datatype/jackson-datatype-jdk8/2.12.5/jackson-datatype-jdk8-2.12.5-javadoc.jar","isSystem":false,"isOwn":false,"isTest":false,"isJavaContent":false},{"kind":"binary","path":"C:\\Users\\user\\.m2\\repository\\com\\fasterxml\\jackson\\datatype\\jackson-datatype-jsr310\\2.12.5\\jackson-datatype-jsr310-2.12.5.jar","sourceContainerUrl":"file:/C:/Users/user/.m2/repository/com/fasterxml/jackson/datatype/jackson-datatype-jsr310/2.12.5/jackson-datatype-jsr310-2.12.5-sources.jar","javadocContainerUrl":"file:/C:/Users/user/.m2/repository/com/fasterxml/jackson/datatype/jackson-datatype-jsr310/2.12.5/jackson-datatype-jsr310-2.12.5-javadoc.jar","isSystem":false,"isOwn":false,"isTest":false,"isJavaContent":false},{"kind":"binary","path":"C:\\Users\\user\\.m2\\repository\\com\\fasterxml\\jackson\\module\\jackson-module-parameter-names\\2.12.5\\jackson-module-parameter-names-2.12.5.jar","sourceContainerUrl":"file:/C:/Users/user/.m2/repository/com/fasterxml/jackson/module/jackson-module-parameter-names/2.12.5/jackson-module-parameter-names-2.12.5-sources.jar","javadocContainerUrl":"file:/C:/Users/user/.m2/repository/com/fasterxml/jackson/module/jackson-module-parameter-names/2.12.5/jackson-module-parameter-names-2.12.5-javadoc.jar","isSystem":false,"isOwn":false,"isTest":false,"isJavaContent":false},{"kind":"binary","path":"C:\\Users\\user\\.m2\\repository\\org\\springframework\\boot\\spring-boot-starter-tomcat\\2.5.5\\spring-boot-starter-tomcat-2.5.5.jar","sourceContainerUrl":"file:/C:/Users/user/.m2/repository/org/springframework/boot/spring-boot-starter-tomcat/2.5.5/spring-boot-starter-tomcat-2.5.5-sources.jar","javadocContainerUrl":"file:/C:/Users/user/.m2/repository/org/springframework/boot/spring-boot-starter-tomcat/2.5.5/spring-boot-starter-tomcat-2.5.5-javadoc.jar","isSystem":false,"isOwn":false,"isTest":false,"isJavaContent":false},{"kind":"binary","path":"C:\\Users\\user\\.m2\\repository\\org\\apache\\tomcat\\embed\\tomcat-embed-core\\9.0.53\\tomcat-embed-core-9.0.53.jar","sourceContainerUrl":"file:/C:/Users/user/.m2/repository/org/apache/tomcat/embed/tomcat-embed-core/9.0.53/tomcat-embed-core-9.0.53-sources.jar","isSystem":false,"isOwn":false,"isTest":false,"isJavaContent":false},{"kind":"binary","path":"C:\\Users\\user\\.m2\\repository\\org\\apache\\tomcat\\embed\\tomcat-embed-el\\9.0.53\\tomcat-embed-el-9.0.53.jar","sourceContainerUrl":"file:/C:/Users/user/.m2/repository/org/apache/tomcat/embed/tomcat-embed-el/9.0.53/tomcat-embed-el-9.0.53-sources.jar","isSystem":false,"isOwn":false,"isTest":false,"isJavaContent":false},{"kind":"binary","path":"C:\\Users\\user\\.m2\\repository\\org\\apache\\tomcat\\embed\\tomcat-embed-websocket\\9.0.53\\tomcat-embed-websocket-9.0.53.jar","sourceContainerUrl":"file:/C:/Users/user/.m2/repository/org/apache/tomcat/embed/tomcat-embed-websocket/9.0.53/tomcat-embed-websocket-9.0.53-sources.jar","isSystem":false,"isOwn":false,"isTest":false,"isJavaContent":false},{"kind":"binary","path":"C:\\Users\\user\\.m2\\repository\\org\\springframework\\spring-web\\5.3.10\\spring-web-5.3.10.jar","sourceContainerUrl":"file:/C:/Users/user/.m2/repository/org/springframework/spring-web/5.3.10/spring-web-5.3.10-sources.jar","javadocContainerUrl":"file:/C:/Users/user/.m2/repository/org/springframework/spring-web/5.3.10/spring-web-5.3.10-javadoc.jar","isSystem":false,"isOwn":false,"isTest":false,"isJavaContent":false},{"kind":"binary","path":"C:\\Users\\user\\.m2\\repository\\org\\springframework\\spring-beans\\5.3.10\\spring-beans-5.3.10.jar","sourceContainerUrl":"file:/C:/Users/user/.m2/repository/org/springframework/spring-beans/5.3.10/spring-beans-5.3.10-sources.jar","javadocContainerUrl":"file:/C:/Users/user/.m2/repository/org/springframework/spring-beans/5.3.10/spring-beans-5.3.10-javadoc.jar","isSystem":false,"isOwn":false,"isTest":false,"isJavaContent":false},{"kind":"binary","path":"C:\\Users\\user\\.m2\\repository\\org\\springframework\\spring-webmvc\\5.3.10\\spring-webmvc-5.3.10.jar","sourceContainerUrl":"file:/C:/Users/user/.m2/repository/org/springframework/spring-webmvc/5.3.10/spring-webmvc-5.3.10-sources.jar","javadocContainerUrl":"file:/C:/Users/user/.m2/repository/org/springframework/spring-webmvc/5.3.10/spring-webmvc-5.3.10-javadoc.jar","isSystem":false,"isOwn":false,"isTest":false,"isJavaContent":false},{"kind":"binary","path":"C:\\Users\\user\\.m2\\repository\\org\\springframework\\spring-aop\\5.3.10\\spring-aop-5.3.10.jar","sourceContainerUrl":"file:/C:/Users/user/.m2/repository/org/springframework/spring-aop/5.3.10/spring-aop-5.3.10-sources.jar","javadocContainerUrl":"file:/C:/Users/user/.m2/repository/org/springframework/spring-aop/5.3.10/spring-aop-5.3.10-javadoc.jar","isSystem":false,"isOwn":false,"isTest":false,"isJavaContent":false},{"kind":"binary","path":"C:\\Users\\user\\.m2\\repository\\org\\springframework\\spring-context\\5.3.10\\spring-context-5.3.10.jar","sourceContainerUrl":"file:/C:/Users/user/.m2/repository/org/springframework/spring-context/5.3.10/spring-context-5.3.10-sources.jar","javadocContainerUrl":"file:/C:/Users/user/.m2/repository/org/springframework/spring-context/5.3.10/spring-context-5.3.10-javadoc.jar","isSystem":false,"isOwn":false,"isTest":false,"isJavaContent":false},{"kind":"binary","path":"C:\\Users\\user\\.m2\\repository\\org\\springframework\\spring-expression\\5.3.10\\spring-expression-5.3.10.jar","sourceContainerUrl":"file:/C:/Users/user/.m2/repository/org/springframework/spring-expression/5.3.10/spring-expression-5.3.10-sources.jar","javadocContainerUrl":"file:/C:/Users/user/.m2/repository/org/springframework/spring-expression/5.3.10/spring-expression-5.3.10-javadoc.jar","isSystem":false,"isOwn":false,"isTest":false,"isJavaContent":false},{"kind":"binary","path":"C:\\Users\\user\\.m2\\repository\\org\\springframework\\cloud\\spring-cloud-starter-openfeign\\3.0.4\\spring-cloud-starter-openfeign-3.0.4.jar","isSystem":false,"isOwn":false,"isTest":false,"isJavaContent":false},{"kind":"binary","path":"C:\\Users\\user\\.m2\\repository\\org\\springframework\\cloud\\spring-cloud-starter\\3.0.4\\spring-cloud-starter-3.0.4.jar","javadocContainerUrl":"file:/C:/Users/user/.m2/repository/org/springframework/cloud/spring-cloud-starter/3.0.4/spring-cloud-starter-3.0.4-javadoc.jar","isSystem":false,"isOwn":false,"isTest":false,"isJavaContent":false},{"kind":"binary","path":"C:\\Users\\user\\.m2\\repository\\org\\springframework\\cloud\\spring-cloud-context\\3.0.4\\spring-cloud-context-3.0.4.jar","sourceContainerUrl":"file:/C:/Users/user/.m2/repository/org/springframework/cloud/spring-cloud-context/3.0.4/spring-cloud-context-3.0.4-sources.jar","javadocContainerUrl":"file:/C:/Users/user/.m2/repository/org/springframework/cloud/spring-cloud-context/3.0.4/spring-cloud-context-3.0.4-javadoc.jar","isSystem":false,"isOwn":false,"isTest":false,"isJavaContent":false},{"kind":"binary","path":"C:\\Users\\user\\.m2\\repository\\org\\springframework\\security\\spring-security-rsa\\1.0.10.RELEASE\\spring-security-rsa-1.0.10.RELEASE.jar","sourceContainerUrl":"file:/C:/Users/user/.m2/repository/org/springframework/security/spring-security-rsa/1.0.10.RELEASE/spring-security-rsa-1.0.10.RELEASE-sources.jar","javadocContainerUrl":"file:/C:/Users/user/.m2/repository/org/springframework/security/spring-security-rsa/1.0.10.RELEASE/spring-security-rsa-1.0.10.RELEASE-javadoc.jar","isSystem":false,"isOwn":false,"isTest":false,"isJavaContent":false},{"kind":"binary","path":"C:\\Users\\user\\.m2\\repository\\org\\bouncycastle\\bcpkix-jdk15on\\1.68\\bcpkix-jdk15on-1.68.jar","sourceContainerUrl":"file:/C:/Users/user/.m2/repository/org/bouncycastle/bcpkix-jdk15on/1.68/bcpkix-jdk15on-1.68-sources.jar","javadocContainerUrl":"file:/C:/Users/user/.m2/repository/org/bouncycastle/bcpkix-jdk15on/1.68/bcpkix-jdk15on-1.68-javadoc.jar","isSystem":false,"isOwn":false,"isTest":false,"isJavaContent":false},{"kind":"binary","path":"C:\\Users\\user\\.m2\\repository\\org\\bouncycastle\\bcprov-jdk15on\\1.68\\bcprov-jdk15on-1.68.jar","sourceContainerUrl":"file:/C:/Users/user/.m2/repository/org/bouncycastle/bcprov-jdk15on/1.68/bcprov-jdk15on-1.68-sources.jar","javadocContainerUrl":"file:/C:/Users/user/.m2/repository/org/bouncycastle/bcprov-jdk15on/1.68/bcprov-jdk15on-1.68-javadoc.jar","isSystem":false,"isOwn":false,"isTest":false,"isJavaContent":false},{"kind":"binary","path":"C:\\Users\\user\\.m2\\repository\\org\\springframework\\cloud\\spring-cloud-openfeign-core\\3.0.4\\spring-cloud-openfeign-core-3.0.4.jar","sourceContainerUrl":"file:/C:/Users/user/.m2/repository/org/springframework/cloud/spring-cloud-openfeign-core/3.0.4/spring-cloud-openfeign-core-3.0.4-sources.jar","javadocContainerUrl":"file:/C:/Users/user/.m2/repository/org/springframework/cloud/spring-cloud-openfeign-core/3.0.4/spring-cloud-openfeign-core-3.0.4-javadoc.jar","isSystem":false,"isOwn":false,"isTest":false,"isJavaContent":false},{"kind":"binary","path":"C:\\Users\\user\\.m2\\repository\\org\\springframework\\boot\\spring-boot-starter-aop\\2.5.5\\spring-boot-starter-aop-2.5.5.jar","sourceContainerUrl":"file:/C:/Users/user/.m2/repository/org/springframework/boot/spring-boot-starter-aop/2.5.5/spring-boot-starter-aop-2.5.5-sources.jar","javadocContainerUrl":"file:/C:/Users/user/.m2/repository/org/springframework/boot/spring-boot-starter-aop/2.5.5/spring-boot-starter-aop-2.5.5-javadoc.jar","isSystem":false,"isOwn":false,"isTest":false,"isJavaContent":false},{"kind":"binary","path":"C:\\Users\\user\\.m2\\repository\\org\\aspectj\\aspectjweaver\\1.9.7\\aspectjweaver-1.9.7.jar","sourceContainerUrl":"file:/C:/Users/user/.m2/repository/org/aspectj/aspectjweaver/1.9.7/aspectjweaver-1.9.7-sources.jar","javadocContainerUrl":"file:/C:/Users/user/.m2/repository/org/aspectj/aspectjweaver/1.9.7/aspectjweaver-1.9.7-javadoc.jar","isSystem":false,"isOwn":false,"isTest":false,"isJavaContent":false},{"kind":"binary","path":"C:\\Users\\user\\.m2\\repository\\io\\github\\openfeign\\form\\feign-form-spring\\3.8.0\\feign-form-spring-3.8.0.jar","sourceContainerUrl":"file:/C:/Users/user/.m2/repository/io/github/openfeign/form/feign-form-spring/3.8.0/feign-form-spring-3.8.0-sources.jar","javadocContainerUrl":"file:/C:/Users/user/.m2/repository/io/github/openfeign/form/feign-form-spring/3.8.0/feign-form-spring-3.8.0-javadoc.jar","isSystem":false,"isOwn":false,"isTest":false,"isJavaContent":false},{"kind":"binary","path":"C:\\Users\\user\\.m2\\repository\\io\\github\\openfeign\\form\\feign-form\\3.8.0\\feign-form-3.8.0.jar","sourceContainerUrl":"file:/C:/Users/user/.m2/repository/io/github/openfeign/form/feign-form/3.8.0/feign-form-3.8.0-sources.jar","javadocContainerUrl":"file:/C:/Users/user/.m2/repository/io/github/openfeign/form/feign-form/3.8.0/feign-form-3.8.0-javadoc.jar","isSystem":false,"isOwn":false,"isTest":false,"isJavaContent":false},{"kind":"binary","path":"C:\\Users\\user\\.m2\\repository\\commons-fileupload\\commons-fileupload\\1.4\\commons-fileupload-1.4.jar","sourceContainerUrl":"file:/C:/Users/user/.m2/repository/commons-fileupload/commons-fileupload/1.4/commons-fileupload-1.4-sources.jar","javadocContainerUrl":"file:/C:/Users/user/.m2/repository/commons-fileupload/commons-fileupload/1.4/commons-fileupload-1.4-javadoc.jar","isSystem":false,"isOwn":false,"isTest":false,"isJavaContent":false},{"kind":"binary","path":"C:\\Users\\user\\.m2\\repository\\commons-io\\commons-io\\2.2\\commons-io-2.2.jar","sourceContainerUrl":"file:/C:/Users/user/.m2/repository/commons-io/commons-io/2.2/commons-io-2.2-sources.jar","javadocContainerUrl":"file:/C:/Users/user/.m2/repository/commons-io/commons-io/2.2/commons-io-2.2-javadoc.jar","isSystem":false,"isOwn":false,"isTest":false,"isJavaContent":false},{"kind":"binary","path":"C:\\Users\\user\\.m2\\repository\\org\\springframework\\cloud\\spring-cloud-commons\\3.0.4\\spring-cloud-commons-3.0.4.jar","sourceContainerUrl":"file:/C:/Users/user/.m2/repository/org/springframework/cloud/spring-cloud-commons/3.0.4/spring-cloud-commons-3.0.4-sources.jar","javadocContainerUrl":"file:/C:/Users/user/.m2/repository/org/springframework/cloud/spring-cloud-commons/3.0.4/spring-cloud-commons-3.0.4-javadoc.jar","isSystem":false,"isOwn":false,"isTest":false,"isJavaContent":false},{"kind":"binary","path":"C:\\Users\\user\\.m2\\repository\\org\\springframework\\security\\spring-security-crypto\\5.5.2\\spring-security-crypto-5.5.2.jar","sourceContainerUrl":"file:/C:/Users/user/.m2/repository/org/springframework/security/spring-security-crypto/5.5.2/spring-security-crypto-5.5.2-sources.jar","javadocContainerUrl":"file:/C:/Users/user/.m2/repository/org/springframework/security/spring-security-crypto/5.5.2/spring-security-crypto-5.5.2-javadoc.jar","isSystem":false,"isOwn":false,"isTest":false,"isJavaContent":false},{"kind":"binary","path":"C:\\Users\\user\\.m2\\repository\\io\\github\\openfeign\\feign-core\\10.12\\feign-core-10.12.jar","sourceContainerUrl":"file:/C:/Users/user/.m2/repository/io/github/openfeign/feign-core/10.12/feign-core-10.12-sources.jar","javadocContainerUrl":"file:/C:/Users/user/.m2/repository/io/github/openfeign/feign-core/10.12/feign-core-10.12-javadoc.jar","isSystem":false,"isOwn":false,"isTest":false,"isJavaContent":false},{"kind":"binary","path":"C:\\Users\\user\\.m2\\repository\\io\\github\\openfeign\\feign-slf4j\\10.12\\feign-slf4j-10.12.jar","sourceContainerUrl":"file:/C:/Users/user/.m2/repository/io/github/openfeign/feign-slf4j/10.12/feign-slf4j-10.12-sources.jar","javadocContainerUrl":"file:/C:/Users/user/.m2/repository/io/github/openfeign/feign-slf4j/10.12/feign-slf4j-10.12-javadoc.jar","isSystem":false,"isOwn":false,"isTest":false,"isJavaContent":false},{"kind":"binary","path":"C:\\Users\\user\\.m2\\repository\\org\\slf4j\\slf4j-api\\1.7.32\\slf4j-api-1.7.32.jar","sourceContainerUrl":"file:/C:/Users/user/.m2/repository/org/slf4j/slf4j-api/1.7.32/slf4j-api-1.7.32-sources.jar","javadocContainerUrl":"file:/C:/Users/user/.m2/repository/org/slf4j/slf4j-api/1.7.32/slf4j-api-1.7.32-javadoc.jar","isSystem":false,"isOwn":false,"isTest":false,"isJavaContent":false},{"kind":"binary","path":"C:\\Users\\user\\.m2\\repository\\org\\springframework\\boot\\spring-boot-devtools\\2.5.5\\spring-boot-devtools-2.5.5.jar","sourceContainerUrl":"file:/C:/Users/user/.m2/repository/org/springframework/boot/spring-boot-devtools/2.5.5/spring-boot-devtools-2.5.5-sources.jar","javadocContainerUrl":"file:/C:/Users/user/.m2/repository/org/springframework/boot/spring-boot-devtools/2.5.5/spring-boot-devtools-2.5.5-javadoc.jar","isSystem":false,"isOwn":false,"isTest":false,"isJavaContent":false},{"kind":"binary","path":"C:\\Users\\user\\.m2\\repository\\org\\springframework\\boot\\spring-boot\\2.5.5\\spring-boot-2.5.5.jar","sourceContainerUrl":"file:/C:/Users/user/.m2/repository/org/springframework/boot/spring-boot/2.5.5/spring-boot-2.5.5-sources.jar","javadocContainerUrl":"file:/C:/Users/user/.m2/repository/org/springframework/boot/spring-boot/2.5.5/spring-boot-2.5.5-javadoc.jar","isSystem":false,"isOwn":false,"isTest":false,"isJavaContent":false},{"kind":"binary","path":"C:\\Users\\user\\.m2\\repository\\org\\springframework\\boot\\spring-boot-autoconfigure\\2.5.5\\spring-boot-autoconfigure-2.5.5.jar","sourceContainerUrl":"file:/C:/Users/user/.m2/repository/org/springframework/boot/spring-boot-autoconfigure/2.5.5/spring-boot-autoconfigure-2.5.5-sources.jar","javadocContainerUrl":"file:/C:/Users/user/.m2/repository/org/springframework/boot/spring-boot-autoconfigure/2.5.5/spring-boot-autoconfigure-2.5.5-javadoc.jar","isSystem":false,"isOwn":false,"isTest":false,"isJavaContent":false},{"kind":"binary","path":"C:\\Users\\user\\.m2\\repository\\org\\springframework\\boot\\spring-boot-starter-test\\2.5.5\\spring-boot-starter-test-2.5.5.jar","sourceContainerUrl":"file:/C:/Users/user/.m2/repository/org/springframework/boot/spring-boot-starter-test/2.5.5/spring-boot-starter-test-2.5.5-sources.jar","javadocContainerUrl":"file:/C:/Users/user/.m2/repository/org/springframework/boot/spring-boot-starter-test/2.5.5/spring-boot-starter-test-2.5.5-javadoc.jar","isSystem":false,"isOwn":false,"isTest":false,"isJavaContent":false},{"kind":"binary","path":"C:\\Users\\user\\.m2\\repository\\org\\springframework\\boot\\spring-boot-test\\2.5.5\\spring-boot-test-2.5.5.jar","sourceContainerUrl":"file:/C:/Users/user/.m2/repository/org/springframework/boot/spring-boot-test/2.5.5/spring-boot-test-2.5.5-sources.jar","javadocContainerUrl":"file:/C:/Users/user/.m2/repository/org/springframework/boot/spring-boot-test/2.5.5/spring-boot-test-2.5.5-javadoc.jar","isSystem":false,"isOwn":false,"isTest":false,"isJavaContent":false},{"kind":"binary","path":"C:\\Users\\user\\.m2\\repository\\org\\springframework\\boot\\spring-boot-test-autoconfigure\\2.5.5\\spring-boot-test-autoconfigure-2.5.5.jar","sourceContainerUrl":"file:/C:/Users/user/.m2/repository/org/springframework/boot/spring-boot-test-autoconfigure/2.5.5/spring-boot-test-autoconfigure-2.5.5-sources.jar","javadocContainerUrl":"file:/C:/Users/user/.m2/repository/org/springframework/boot/spring-boot-test-autoconfigure/2.5.5/spring-boot-test-autoconfigure-2.5.5-javadoc.jar","isSystem":false,"isOwn":false,"isTest":false,"isJavaContent":false},{"kind":"binary","path":"C:\\Users\\user\\.m2\\repository\\com\\jayway\\jsonpath\\json-path\\2.5.0\\json-path-2.5.0.jar","sourceContainerUrl":"file:/C:/Users/user/.m2/repository/com/jayway/jsonpath/json-path/2.5.0/json-path-2.5.0-sources.jar","javadocContainerUrl":"file:/C:/Users/user/.m2/repository/com/jayway/jsonpath/json-path/2.5.0/json-path-2.5.0-javadoc.jar","isSystem":false,"isOwn":false,"isTest":false,"isJavaContent":false},{"kind":"binary","path":"C:\\Users\\user\\.m2\\repository\\net\\minidev\\json-smart\\2.4.7\\json-smart-2.4.7.jar","sourceContainerUrl":"file:/C:/Users/user/.m2/repository/net/minidev/json-smart/2.4.7/json-smart-2.4.7-sources.jar","javadocContainerUrl":"file:/C:/Users/user/.m2/repository/net/minidev/json-smart/2.4.7/json-smart-2.4.7-javadoc.jar","isSystem":false,"isOwn":false,"isTest":false,"isJavaContent":false},{"kind":"binary","path":"C:\\Users\\user\\.m2\\repository\\net\\minidev\\accessors-smart\\2.4.7\\accessors-smart-2.4.7.jar","sourceContainerUrl":"file:/C:/Users/user/.m2/repository/net/minidev/accessors-smart/2.4.7/accessors-smart-2.4.7-sources.jar","javadocContainerUrl":"file:/C:/Users/user/.m2/repository/net/minidev/accessors-smart/2.4.7/accessors-smart-2.4.7-javadoc.jar","isSystem":false,"isOwn":false,"isTest":false,"isJavaContent":false},{"kind":"binary","path":"C:\\Users\\user\\.m2\\repository\\org\\ow2\\asm\\asm\\9.1\\asm-9.1.jar","sourceContainerUrl":"file:/C:/Users/user/.m2/repository/org/ow2/asm/asm/9.1/asm-9.1-sources.jar","javadocContainerUrl":"file:/C:/Users/user/.m2/repository/org/ow2/asm/asm/9.1/asm-9.1-javadoc.jar","isSystem":false,"isOwn":false,"isTest":false,"isJavaContent":false},{"kind":"binary","path":"C:\\Users\\user\\.m2\\repository\\jakarta\\xml\\bind\\jakarta.xml.bind-api\\2.3.3\\jakarta.xml.bind-api-2.3.3.jar","sourceContainerUrl":"file:/C:/Users/user/.m2/repository/jakarta/xml/bind/jakarta.xml.bind-api/2.3.3/jakarta.xml.bind-api-2.3.3-sources.jar","javadocContainerUrl":"file:/C:/Users/user/.m2/repository/jakarta/xml/bind/jakarta.xml.bind-api/2.3.3/jakarta.xml.bind-api-2.3.3-javadoc.jar","isSystem":false,"isOwn":false,"isTest":false,"isJavaContent":false},{"kind":"binary","path":"C:\\Users\\user\\.m2\\repository\\jakarta\\activation\\jakarta.activation-api\\1.2.2\\jakarta.activation-api-1.2.2.jar","sourceContainerUrl":"file:/C:/Users/user/.m2/repository/jakarta/activation/jakarta.activation-api/1.2.2/jakarta.activation-api-1.2.2-sources.jar","javadocContainerUrl":"file:/C:/Users/user/.m2/repository/jakarta/activation/jakarta.activation-api/1.2.2/jakarta.activation-api-1.2.2-javadoc.jar","isSystem":false,"isOwn":false,"isTest":false,"isJavaContent":false},{"kind":"binary","path":"C:\\Users\\user\\.m2\\repository\\org\\assertj\\assertj-core\\3.19.0\\assertj-core-3.19.0.jar","sourceContainerUrl":"file:/C:/Users/user/.m2/repository/org/assertj/assertj-core/3.19.0/assertj-core-3.19.0-sources.jar","javadocContainerUrl":"file:/C:/Users/user/.m2/repository/org/assertj/assertj-core/3.19.0/assertj-core-3.19.0-javadoc.jar","isSystem":false,"isOwn":false,"isTest":false,"isJavaContent":false},{"kind":"binary","path":"C:\\Users\\user\\.m2\\repository\\org\\hamcrest\\hamcrest\\2.2\\hamcrest-2.2.jar","sourceContainerUrl":"file:/C:/Users/user/.m2/repository/org/hamcrest/hamcrest/2.2/hamcrest-2.2-sources.jar","javadocContainerUrl":"file:/C:/Users/user/.m2/repository/org/hamcrest/hamcrest/2.2/hamcrest-2.2-javadoc.jar","isSystem":false,"isOwn":false,"isTest":false,"isJavaContent":false},{"kind":"binary","path":"C:\\Users\\user\\.m2\\repository\\org\\junit\\jupiter\\junit-jupiter\\5.7.2\\junit-jupiter-5.7.2.jar","sourceContainerUrl":"file:/C:/Users/user/.m2/repository/org/junit/jupiter/junit-jupiter/5.7.2/junit-jupiter-5.7.2-sources.jar","javadocContainerUrl":"file:/C:/Users/user/.m2/repository/org/junit/jupiter/junit-jupiter/5.7.2/junit-jupiter-5.7.2-javadoc.jar","isSystem":false,"isOwn":false,"isTest":false,"isJavaContent":false},{"kind":"binary","path":"C:\\Users\\user\\.m2\\repository\\org\\junit\\jupiter\\junit-jupiter-api\\5.7.2\\junit-jupiter-api-5.7.2.jar","sourceContainerUrl":"file:/C:/Users/user/.m2/repository/org/junit/jupiter/junit-jupiter-api/5.7.2/junit-jupiter-api-5.7.2-sources.jar","javadocContainerUrl":"file:/C:/Users/user/.m2/repository/org/junit/jupiter/junit-jupiter-api/5.7.2/junit-jupiter-api-5.7.2-javadoc.jar","isSystem":false,"isOwn":false,"isTest":false,"isJavaContent":false},{"kind":"binary","path":"C:\\Users\\user\\.m2\\repository\\org\\apiguardian\\apiguardian-api\\1.1.0\\apiguardian-api-1.1.0.jar","sourceContainerUrl":"file:/C:/Users/user/.m2/repository/org/apiguardian/apiguardian-api/1.1.0/apiguardian-api-1.1.0-sources.jar","javadocContainerUrl":"file:/C:/Users/user/.m2/repository/org/apiguardian/apiguardian-api/1.1.0/apiguardian-api-1.1.0-javadoc.jar","isSystem":false,"isOwn":false,"isTest":false,"isJavaContent":false},{"kind":"binary","path":"C:\\Users\\user\\.m2\\repository\\org\\opentest4j\\opentest4j\\1.2.0\\opentest4j-1.2.0.jar","sourceContainerUrl":"file:/C:/Users/user/.m2/repository/org/opentest4j/opentest4j/1.2.0/opentest4j-1.2.0-sources.jar","javadocContainerUrl":"file:/C:/Users/user/.m2/repository/org/opentest4j/opentest4j/1.2.0/opentest4j-1.2.0-javadoc.jar","isSystem":false,"isOwn":false,"isTest":false,"isJavaContent":false},{"kind":"binary","path":"C:\\Users\\user\\.m2\\repository\\org\\junit\\platform\\junit-platform-commons\\1.7.2\\junit-platform-commons-1.7.2.jar","sourceContainerUrl":"file:/C:/Users/user/.m2/repository/org/junit/platform/junit-platform-commons/1.7.2/junit-platform-commons-1.7.2-sources.jar","javadocContainerUrl":"file:/C:/Users/user/.m2/repository/org/junit/platform/junit-platform-commons/1.7.2/junit-platform-commons-1.7.2-javadoc.jar","isSystem":false,"isOwn":false,"isTest":false,"isJavaContent":false},{"kind":"binary","path":"C:\\Users\\user\\.m2\\repository\\org\\junit\\jupiter\\junit-jupiter-params\\5.7.2\\junit-jupiter-params-5.7.2.jar","sourceContainerUrl":"file:/C:/Users/user/.m2/repository/org/junit/jupiter/junit-jupiter-params/5.7.2/junit-jupiter-params-5.7.2-sources.jar","javadocContainerUrl":"file:/C:/Users/user/.m2/repository/org/junit/jupiter/junit-jupiter-params/5.7.2/junit-jupiter-params-5.7.2-javadoc.jar","isSystem":false,"isOwn":false,"isTest":false,"isJavaContent":false},{"kind":"binary","path":"C:\\Users\\user\\.m2\\repository\\org\\junit\\jupiter\\junit-jupiter-engine\\5.7.2\\junit-jupiter-engine-5.7.2.jar","sourceContainerUrl":"file:/C:/Users/user/.m2/repository/org/junit/jupiter/junit-jupiter-engine/5.7.2/junit-jupiter-engine-5.7.2-sources.jar","javadocContainerUrl":"file:/C:/Users/user/.m2/repository/org/junit/jupiter/junit-jupiter-engine/5.7.2/junit-jupiter-engine-5.7.2-javadoc.jar","isSystem":false,"isOwn":false,"isTest":false,"isJavaContent":false},{"kind":"binary","path":"C:\\Users\\user\\.m2\\repository\\org\\junit\\platform\\junit-platform-engine\\1.7.2\\junit-platform-engine-1.7.2.jar","sourceContainerUrl":"file:/C:/Users/user/.m2/repository/org/junit/platform/junit-platform-engine/1.7.2/junit-platform-engine-1.7.2-sources.jar","javadocContainerUrl":"file:/C:/Users/user/.m2/repository/org/junit/platform/junit-platform-engine/1.7.2/junit-platform-engine-1.7.2-javadoc.jar","isSystem":false,"isOwn":false,"isTest":false,"isJavaContent":false},{"kind":"binary","path":"C:\\Users\\user\\.m2\\repository\\org\\mockito\\mockito-core\\3.9.0\\mockito-core-3.9.0.jar","sourceContainerUrl":"file:/C:/Users/user/.m2/repository/org/mockito/mockito-core/3.9.0/mockito-core-3.9.0-sources.jar","javadocContainerUrl":"file:/C:/Users/user/.m2/repository/org/mockito/mockito-core/3.9.0/mockito-core-3.9.0-javadoc.jar","isSystem":false,"isOwn":false,"isTest":false,"isJavaContent":false},{"kind":"binary","path":"C:\\Users\\user\\.m2\\repository\\net\\bytebuddy\\byte-buddy\\1.10.22\\byte-buddy-1.10.22.jar","sourceContainerUrl":"file:/C:/Users/user/.m2/repository/net/bytebuddy/byte-buddy/1.10.22/byte-buddy-1.10.22-sources.jar","javadocContainerUrl":"file:/C:/Users/user/.m2/repository/net/bytebuddy/byte-buddy/1.10.22/byte-buddy-1.10.22-javadoc.jar","isSystem":false,"isOwn":false,"isTest":false,"isJavaContent":false},{"kind":"binary","path":"C:\\Users\\user\\.m2\\repository\\net\\bytebuddy\\byte-buddy-agent\\1.10.22\\byte-buddy-agent-1.10.22.jar","sourceContainerUrl":"file:/C:/Users/user/.m2/repository/net/bytebuddy/byte-buddy-agent/1.10.22/byte-buddy-agent-1.10.22-sources.jar","javadocContainerUrl":"file:/C:/Users/user/.m2/repository/net/bytebuddy/byte-buddy-agent/1.10.22/byte-buddy-agent-1.10.22-javadoc.jar","isSystem":false,"isOwn":false,"isTest":false,"isJavaContent":false},{"kind":"binary","path":"C:\\Users\\user\\.m2\\repository\\org\\objenesis\\objenesis\\3.2\\objenesis-3.2.jar","sourceContainerUrl":"file:/C:/Users/user/.m2/repository/org/objenesis/objenesis/3.2/objenesis-3.2-sources.jar","javadocContainerUrl":"file:/C:/Users/user/.m2/repository/org/objenesis/objenesis/3.2/objenesis-3.2-javadoc.jar","isSystem":false,"isOwn":false,"isTest":false,"isJavaContent":false},{"kind":"binary","path":"C:\\Users\\user\\.m2\\repository\\org\\mockito\\mockito-junit-jupiter\\3.9.0\\mockito-junit-jupiter-3.9.0.jar","sourceContainerUrl":"file:/C:/Users/user/.m2/repository/org/mockito/mockito-junit-jupiter/3.9.0/mockito-junit-jupiter-3.9.0-sources.jar","javadocContainerUrl":"file:/C:/Users/user/.m2/repository/org/mockito/mockito-junit-jupiter/3.9.0/mockito-junit-jupiter-3.9.0-javadoc.jar","isSystem":false,"isOwn":false,"isTest":false,"isJavaContent":false},{"kind":"binary","path":"C:\\Users\\user\\.m2\\repository\\org\\skyscreamer\\jsonassert\\1.5.0\\jsonassert-1.5.0.jar","sourceContainerUrl":"file:/C:/Users/user/.m2/repository/org/skyscreamer/jsonassert/1.5.0/jsonassert-1.5.0-sources.jar","javadocContainerUrl":"file:/C:/Users/user/.m2/repository/org/skyscreamer/jsonassert/1.5.0/jsonassert-1.5.0-javadoc.jar","isSystem":false,"isOwn":false,"isTest":false,"isJavaContent":false},{"kind":"binary","path":"C:\\Users\\user\\.m2\\repository\\com\\vaadin\\external\\google\\android-json\\0.0.20131108.vaadin1\\android-json-0.0.20131108.vaadin1.jar","sourceContainerUrl":"file:/C:/Users/user/.m2/repository/com/vaadin/external/google/android-json/0.0.20131108.vaadin1/android-json-0.0.20131108.vaadin1-sources.jar","javadocContainerUrl":"file:/C:/Users/user/.m2/repository/com/vaadin/external/google/android-json/0.0.20131108.vaadin1/android-json-0.0.20131108.vaadin1-javadoc.jar","isSystem":false,"isOwn":false,"isTest":false,"isJavaContent":false},{"kind":"binary","path":"C:\\Users\\user\\.m2\\repository\\org\\springframework\\spring-core\\5.3.10\\spring-core-5.3.10.jar","sourceContainerUrl":"file:/C:/Users/user/.m2/repository/org/springframework/spring-core/5.3.10/spring-core-5.3.10-sources.jar","javadocContainerUrl":"file:/C:/Users/user/.m2/repository/org/springframework/spring-core/5.3.10/spring-core-5.3.10-javadoc.jar","isSystem":false,"isOwn":false,"isTest":false,"isJavaContent":false},{"kind":"binary","path":"C:\\Users\\user\\.m2\\repository\\org\\springframework\\spring-jcl\\5.3.10\\spring-jcl-5.3.10.jar","sourceContainerUrl":"file:/C:/Users/user/.m2/repository/org/springframework/spring-jcl/5.3.10/spring-jcl-5.3.10-sources.jar","javadocContainerUrl":"file:/C:/Users/user/.m2/repository/org/springframework/spring-jcl/5.3.10/spring-jcl-5.3.10-javadoc.jar","isSystem":false,"isOwn":false,"isTest":false,"isJavaContent":false},{"kind":"binary","path":"C:\\Users\\user\\.m2\\repository\\org\\springframework\\spring-test\\5.3.10\\spring-test-5.3.10.jar","sourceContainerUrl":"file:/C:/Users/user/.m2/repository/org/springframework/spring-test/5.3.10/spring-test-5.3.10-sources.jar","javadocContainerUrl":"file:/C:/Users/user/.m2/repository/org/springframework/spring-test/5.3.10/spring-test-5.3.10-javadoc.jar","isSystem":false,"isOwn":false,"isTest":false,"isJavaContent":false},{"kind":"binary","path":"C:\\Users\\user\\.m2\\repository\\org\\xmlunit\\xmlunit-core\\2.8.2\\xmlunit-core-2.8.2.jar","sourceContainerUrl":"file:/C:/Users/user/.m2/repository/org/xmlunit/xmlunit-core/2.8.2/xmlunit-core-2.8.2-sources.jar","javadocContainerUrl":"file:/C:/Users/user/.m2/repository/org/xmlunit/xmlunit-core/2.8.2/xmlunit-core-2.8.2-javadoc.jar","isSystem":false,"isOwn":false,"isTest":false,"isJavaContent":false},{"kind":"source","path":"D:\\CitiusTech\\Mini Project\\servicex\\src\\main\\java","outputFolder":"D:\\CitiusTech\\Mini Project\\servicex\\target\\classes","javadocContainerUrl":"file:/D:/CitiusTech/Mini%20Project/servicex/target/site/apidocs","isSystem":false,"isOwn":true,"isTest":false,"isJavaContent":true},{"kind":"source","path":"D:\\CitiusTech\\Mini Project\\servicex\\src\\test\\java","outputFolder":"D:\\CitiusTech\\Mini Project\\servicex\\target\\test-classes","javadocContainerUrl":"file:/D:/CitiusTech/Mini%20Project/servicex/target/site/apidocs","isSystem":false,"isOwn":true,"isTest":true,"isJavaContent":true},{"kind":"source","path":"D:\\CitiusTech\\Mini Project\\servicex\\src\\main\\resources","outputFolder":"D:\\CitiusTech\\Mini Project\\servicex\\target\\classes","isSystem":false,"isOwn":true,"isTest":false,"isJavaContent":false},{"kind":"source","path":"D:\\CitiusTech\\Mini Project\\servicex\\src\\test\\resources","outputFolder":"D:\\CitiusTech\\Mini Project\\servicex\\target\\test-classes","isSystem":false,"isOwn":true,"isTest":true,"isJavaContent":false},{"kind":"source","path":"D:\\CitiusTech\\Mini Project\\servicex\\src\\test\\java","outputFolder":"D:\\CitiusTech\\Mini Project\\servicex\\target\\test-classes","javadocContainerUrl":"file:/D:/CitiusTech/Mini%20Project/servicex/target/site/apidocs","isSystem":false,"isOwn":true,"isTest":false,"isJavaContent":false}]}